"PFT","SnapYr","Forest Type","AC_10","Age Class","SumOfHa"
"BWT",2000,"White Birch",5,"0-10",68847.15
"BWT",2000,"White Birch",15,"11-20",35017.58
"BWT",2000,"White Birch",25,"21-30",26495.78
"BWT",2000,"White Birch",35,"31-40",52836.65
"BWT",2000,"White Birch",45,"41-50",151311.74
"BWT",2000,"White Birch",55,"51-60",258147.87
"BWT",2000,"White Birch",65,"61-70",283886.04
"BWT",2000,"White Birch",75,"71-80",256529.25
"BWT",2000,"White Birch",85,"81-90",184020.70
"BWT",2000,"White Birch",95,"91-100",116520.73
"BWT",2000,"White Birch",105,"101-110",70809.48
"BWT",2000,"White Birch",115,"111-120",26006.27
"BWT",2000,"White Birch",125,"121-130",17170.92
"BWT",2000,"White Birch",135,"131-140",8928.11
"BWT",2000,"White Birch",145,"141-150",6413.19
"BWT",2000,"White Birch",155,"151-160",2137.72
"BWT",2000,"White Birch",165,"161-170",887.08
"BWT",2000,"White Birch",175,"171-180",1084.74
"BWT",2000,"White Birch",185,"181+",1772.73
"BWT",2005,"White Birch",5,"0-10",116535.51
"BWT",2005,"White Birch",15,"11-20",55110.62
"BWT",2005,"White Birch",25,"21-30",26648.23
"BWT",2005,"White Birch",35,"31-40",32594.18
"BWT",2005,"White Birch",45,"41-50",80809.60
"BWT",2005,"White Birch",55,"51-60",204042.79
"BWT",2005,"White Birch",65,"61-70",267227.41
"BWT",2005,"White Birch",75,"71-80",267882.21
"BWT",2005,"White Birch",85,"81-90",212141.99
"BWT",2005,"White Birch",95,"91-100",136965.13
"BWT",2005,"White Birch",105,"101-110",89565.85
"BWT",2005,"White Birch",115,"111-120",44176.59
"BWT",2005,"White Birch",125,"121-130",21596.87
"BWT",2005,"White Birch",135,"131-140",6634.96
"BWT",2005,"White Birch",145,"141-150",2728.07
"BWT",2005,"White Birch",155,"151-160",4495.05
"BWT",2005,"White Birch",165,"161-170",564.89
"BWT",2005,"White Birch",175,"171-180",509.23
"BWT",2005,"White Birch",185,"181+",198.06
"BWT",2010,"White Birch",5,"0-10",80550.53
"BWT",2010,"White Birch",15,"11-20",78337.43
"BWT",2010,"White Birch",25,"21-30",35006.95
"BWT",2010,"White Birch",35,"31-40",43762.29
"BWT",2010,"White Birch",45,"41-50",50214.15
"BWT",2010,"White Birch",55,"51-60",143345.47
"BWT",2010,"White Birch",65,"61-70",301748.36
"BWT",2010,"White Birch",75,"71-80",314660.59
"BWT",2010,"White Birch",85,"81-90",264151.46
"BWT",2010,"White Birch",95,"91-100",182034.81
"BWT",2010,"White Birch",105,"101-110",107802.17
"BWT",2010,"White Birch",115,"111-120",60924.16
"BWT",2010,"White Birch",125,"121-130",24711.05
"BWT",2010,"White Birch",135,"131-140",11899.47
"BWT",2010,"White Birch",145,"141-150",5439.98
"BWT",2010,"White Birch",155,"151-160",5545.13
"BWT",2010,"White Birch",165,"161-170",854.65
"BWT",2010,"White Birch",175,"171-180",545.86
"BWT",2010,"White Birch",185,"181+",931.70
"BWT",2015,"White Birch",5,"0-10",62864.65
"BWT",2015,"White Birch",15,"11-20",79932.15
"BWT",2015,"White Birch",25,"21-30",45148.91
"BWT",2015,"White Birch",35,"31-40",41918.97
"BWT",2015,"White Birch",45,"41-50",42797.77
"BWT",2015,"White Birch",55,"51-60",108110.97
"BWT",2015,"White Birch",65,"61-70",228798.58
"BWT",2015,"White Birch",75,"71-80",293778.44
"BWT",2015,"White Birch",85,"81-90",307641.93
"BWT",2015,"White Birch",95,"91-100",224956.41
"BWT",2015,"White Birch",105,"101-110",140537.33
"BWT",2015,"White Birch",115,"111-120",81754.91
"BWT",2015,"White Birch",125,"121-130",41848.56
"BWT",2015,"White Birch",135,"131-140",23960.67
"BWT",2015,"White Birch",145,"141-150",8425.34
"BWT",2015,"White Birch",155,"151-160",3563.13
"BWT",2015,"White Birch",165,"161-170",4547.11
"BWT",2015,"White Birch",175,"171-180",1636.33
"BWT",2015,"White Birch",185,"181+",1535.45
"BWT",2020,"White Birch",5,"0-10",55751.51
"BWT",2020,"White Birch",15,"11-20",45047.79
"BWT",2020,"White Birch",25,"21-30",59676.40
"BWT",2020,"White Birch",35,"31-40",58203.72
"BWT",2020,"White Birch",45,"41-50",67825.35
"BWT",2020,"White Birch",55,"51-60",73941.35
"BWT",2020,"White Birch",65,"61-70",137835.50
"BWT",2020,"White Birch",75,"71-80",259690.68
"BWT",2020,"White Birch",85,"81-90",216124.09
"BWT",2020,"White Birch",95,"91-100",161901.17
"BWT",2020,"White Birch",105,"101-110",54319.19
"BWT",2020,"White Birch",115,"111-120",30143.02
"BWT",2020,"White Birch",125,"121-130",19844.17
"BWT",2020,"White Birch",135,"131-140",8556.98
"BWT",2020,"White Birch",145,"141-150",3768.55
"BWT",2020,"White Birch",155,"151-160",5857.45
"BWT",2020,"White Birch",165,"161-170",1158.05
"BWT",2020,"White Birch",175,"171-180",208.07
"BWT",2020,"White Birch",185,"181+",51.98
"MCL",2000,"Conifer Lowland",5,"0-10",442467.23
"MCL",2000,"Conifer Lowland",15,"11-20",537095.93
"MCL",2000,"Conifer Lowland",25,"21-30",58320.90
"MCL",2000,"Conifer Lowland",35,"31-40",81189.23
"MCL",2000,"Conifer Lowland",45,"41-50",126272.31
"MCL",2000,"Conifer Lowland",55,"51-60",166984.58
"MCL",2000,"Conifer Lowland",65,"61-70",254359.98
"MCL",2000,"Conifer Lowland",75,"71-80",299337.60
"MCL",2000,"Conifer Lowland",85,"81-90",306292.27
"MCL",2000,"Conifer Lowland",95,"91-100",435032.95
"MCL",2000,"Conifer Lowland",105,"101-110",384106.87
"MCL",2000,"Conifer Lowland",115,"111-120",438485.43
"MCL",2000,"Conifer Lowland",125,"121-130",559532.21
"MCL",2000,"Conifer Lowland",135,"131-140",501275.31
"MCL",2000,"Conifer Lowland",145,"141-150",614102.18
"MCL",2000,"Conifer Lowland",155,"151-160",275341.25
"MCL",2000,"Conifer Lowland",165,"161-170",188850.50
"MCL",2000,"Conifer Lowland",175,"171-180",17945.57
"MCL",2000,"Conifer Lowland",185,"181+",12620.42
"MCL",2005,"Conifer Lowland",5,"0-10",721982.57
"MCL",2005,"Conifer Lowland",15,"11-20",617122.93
"MCL",2005,"Conifer Lowland",25,"21-30",131576.11
"MCL",2005,"Conifer Lowland",35,"31-40",121115.15
"MCL",2005,"Conifer Lowland",45,"41-50",137232.79
"MCL",2005,"Conifer Lowland",55,"51-60",161256.78
"MCL",2005,"Conifer Lowland",65,"61-70",234795.76
"MCL",2005,"Conifer Lowland",75,"71-80",342112.46
"MCL",2005,"Conifer Lowland",85,"81-90",346876.16
"MCL",2005,"Conifer Lowland",95,"91-100",391298.67
"MCL",2005,"Conifer Lowland",105,"101-110",402852.25
"MCL",2005,"Conifer Lowland",115,"111-120",365941.15
"MCL",2005,"Conifer Lowland",125,"121-130",496525.28
"MCL",2005,"Conifer Lowland",135,"131-140",566520.66
"MCL",2005,"Conifer Lowland",145,"141-150",414115.51
"MCL",2005,"Conifer Lowland",155,"151-160",515427.87
"MCL",2005,"Conifer Lowland",165,"161-170",214688.31
"MCL",2005,"Conifer Lowland",175,"171-180",29243.89
"MCL",2005,"Conifer Lowland",185,"181+",10422.29
"MCL",2010,"Conifer Lowland",5,"0-10",607283.23
"MCL",2010,"Conifer Lowland",15,"11-20",453103.94
"MCL",2010,"Conifer Lowland",25,"21-30",286886.77
"MCL",2010,"Conifer Lowland",35,"31-40",160425.25
"MCL",2010,"Conifer Lowland",45,"41-50",163405.72
"MCL",2010,"Conifer Lowland",55,"51-60",155501.45
"MCL",2010,"Conifer Lowland",65,"61-70",184561.33
"MCL",2010,"Conifer Lowland",75,"71-80",293040.06
"MCL",2010,"Conifer Lowland",85,"81-90",421282.70
"MCL",2010,"Conifer Lowland",95,"91-100",364805.65
"MCL",2010,"Conifer Lowland",105,"101-110",423563.60
"MCL",2010,"Conifer Lowland",115,"111-120",302512.91
"MCL",2010,"Conifer Lowland",125,"121-130",418079.04
"MCL",2010,"Conifer Lowland",135,"131-140",519402.68
"MCL",2010,"Conifer Lowland",145,"141-150",587647.21
"MCL",2010,"Conifer Lowland",155,"151-160",526855.61
"MCL",2010,"Conifer Lowland",165,"161-170",205766.29
"MCL",2010,"Conifer Lowland",175,"171-180",47429.89
"MCL",2010,"Conifer Lowland",185,"181+",19774.90
"MCL",2015,"Conifer Lowland",5,"0-10",451260.56
"MCL",2015,"Conifer Lowland",15,"11-20",509222.49
"MCL",2015,"Conifer Lowland",25,"21-30",370856.82
"MCL",2015,"Conifer Lowland",35,"31-40",201484.52
"MCL",2015,"Conifer Lowland",45,"41-50",151792.02
"MCL",2015,"Conifer Lowland",55,"51-60",167478.98
"MCL",2015,"Conifer Lowland",65,"61-70",181544.12
"MCL",2015,"Conifer Lowland",75,"71-80",274553.33
"MCL",2015,"Conifer Lowland",85,"81-90",388945.64
"MCL",2015,"Conifer Lowland",95,"91-100",421014.10
"MCL",2015,"Conifer Lowland",105,"101-110",414192.58
"MCL",2015,"Conifer Lowland",115,"111-120",440267.04
"MCL",2015,"Conifer Lowland",125,"121-130",387440.99
"MCL",2015,"Conifer Lowland",135,"131-140",497135.61
"MCL",2015,"Conifer Lowland",145,"141-150",607981.68
"MCL",2015,"Conifer Lowland",155,"151-160",420499.46
"MCL",2015,"Conifer Lowland",165,"161-170",474278.07
"MCL",2015,"Conifer Lowland",175,"171-180",114061.98
"MCL",2015,"Conifer Lowland",185,"181+",31809.79
"MCL",2020,"Conifer Lowland",5,"0-10",225029.21
"MCL",2020,"Conifer Lowland",15,"11-20",224425.50
"MCL",2020,"Conifer Lowland",25,"21-30",187708.46
"MCL",2020,"Conifer Lowland",35,"31-40",177482.18
"MCL",2020,"Conifer Lowland",45,"41-50",181071.62
"MCL",2020,"Conifer Lowland",55,"51-60",179187.11
"MCL",2020,"Conifer Lowland",65,"61-70",178778.38
"MCL",2020,"Conifer Lowland",75,"71-80",256185.77
"MCL",2020,"Conifer Lowland",85,"81-90",383834.87
"MCL",2020,"Conifer Lowland",95,"91-100",565710.91
"MCL",2020,"Conifer Lowland",105,"101-110",486605.00
"MCL",2020,"Conifer Lowland",115,"111-120",533841.00
"MCL",2020,"Conifer Lowland",125,"121-130",470438.16
"MCL",2020,"Conifer Lowland",135,"131-140",687738.27
"MCL",2020,"Conifer Lowland",145,"141-150",438125.46
"MCL",2020,"Conifer Lowland",155,"151-160",482213.32
"MCL",2020,"Conifer Lowland",165,"161-170",315944.77
"MCL",2020,"Conifer Lowland",175,"171-180",82994.24
"MCL",2020,"Conifer Lowland",185,"181+",32309.65
"MCU",2000,"Conifer Upland",5,"0-10",399220.11
"MCU",2000,"Conifer Upland",15,"11-20",462789.65
"MCU",2000,"Conifer Upland",25,"21-30",210943.89
"MCU",2000,"Conifer Upland",35,"31-40",210689.23
"MCU",2000,"Conifer Upland",45,"41-50",283667.67
"MCU",2000,"Conifer Upland",55,"51-60",419845.08
"MCU",2000,"Conifer Upland",65,"61-70",645884.12
"MCU",2000,"Conifer Upland",75,"71-80",763359.63
"MCU",2000,"Conifer Upland",85,"81-90",635951.27
"MCU",2000,"Conifer Upland",95,"91-100",560679.17
"MCU",2000,"Conifer Upland",105,"101-110",405528.15
"MCU",2000,"Conifer Upland",115,"111-120",360324.39
"MCU",2000,"Conifer Upland",125,"121-130",357905.10
"MCU",2000,"Conifer Upland",135,"131-140",232299.15
"MCU",2000,"Conifer Upland",145,"141-150",223070.53
"MCU",2000,"Conifer Upland",155,"151-160",138889.29
"MCU",2000,"Conifer Upland",165,"161-170",92112.86
"MCU",2000,"Conifer Upland",175,"171-180",11063.90
"MCU",2000,"Conifer Upland",185,"181+",20490.62
"MCU",2005,"Conifer Upland",5,"0-10",758860.41
"MCU",2005,"Conifer Upland",15,"11-20",482120.31
"MCU",2005,"Conifer Upland",25,"21-30",291551.93
"MCU",2005,"Conifer Upland",35,"31-40",261071.78
"MCU",2005,"Conifer Upland",45,"41-50",300031.69
"MCU",2005,"Conifer Upland",55,"51-60",371179.38
"MCU",2005,"Conifer Upland",65,"61-70",516722.24
"MCU",2005,"Conifer Upland",75,"71-80",752868.87
"MCU",2005,"Conifer Upland",85,"81-90",708579.83
"MCU",2005,"Conifer Upland",95,"91-100",588342.19
"MCU",2005,"Conifer Upland",105,"101-110",407046.75
"MCU",2005,"Conifer Upland",115,"111-120",284372.06
"MCU",2005,"Conifer Upland",125,"121-130",232221.49
"MCU",2005,"Conifer Upland",135,"131-140",198255.35
"MCU",2005,"Conifer Upland",145,"141-150",160158.72
"MCU",2005,"Conifer Upland",155,"151-160",164517.81
"MCU",2005,"Conifer Upland",165,"161-170",107149.73
"MCU",2005,"Conifer Upland",175,"171-180",10453.98
"MCU",2005,"Conifer Upland",185,"181+",26001.32
"MCU",2010,"Conifer Upland",5,"0-10",683406.51
"MCU",2010,"Conifer Upland",15,"11-20",649625.52
"MCU",2010,"Conifer Upland",25,"21-30",426094.93
"MCU",2010,"Conifer Upland",35,"31-40",284324.33
"MCU",2010,"Conifer Upland",45,"41-50",309326.62
"MCU",2010,"Conifer Upland",55,"51-60",289961.52
"MCU",2010,"Conifer Upland",65,"61-70",428334.64
"MCU",2010,"Conifer Upland",75,"71-80",569316.13
"MCU",2010,"Conifer Upland",85,"81-90",782402.23
"MCU",2010,"Conifer Upland",95,"91-100",648343.16
"MCU",2010,"Conifer Upland",105,"101-110",519187.68
"MCU",2010,"Conifer Upland",115,"111-120",268715.87
"MCU",2010,"Conifer Upland",125,"121-130",229235.31
"MCU",2010,"Conifer Upland",135,"131-140",205621.53
"MCU",2010,"Conifer Upland",145,"141-150",169986.78
"MCU",2010,"Conifer Upland",155,"151-160",120711.63
"MCU",2010,"Conifer Upland",165,"161-170",55664.30
"MCU",2010,"Conifer Upland",175,"171-180",12942.63
"MCU",2010,"Conifer Upland",185,"181+",36477.94
"MCU",2015,"Conifer Upland",5,"0-10",505007.45
"MCU",2015,"Conifer Upland",15,"11-20",713023.23
"MCU",2015,"Conifer Upland",25,"21-30",480924.03
"MCU",2015,"Conifer Upland",35,"31-40",312275.82
"MCU",2015,"Conifer Upland",45,"41-50",272642.30
"MCU",2015,"Conifer Upland",55,"51-60",305957.62
"MCU",2015,"Conifer Upland",65,"61-70",359279.71
"MCU",2015,"Conifer Upland",75,"71-80",484785.40
"MCU",2015,"Conifer Upland",85,"81-90",667741.66
"MCU",2015,"Conifer Upland",95,"91-100",691288.41
"MCU",2015,"Conifer Upland",105,"101-110",514595.26
"MCU",2015,"Conifer Upland",115,"111-120",387673.35
"MCU",2015,"Conifer Upland",125,"121-130",217941.74
"MCU",2015,"Conifer Upland",135,"131-140",200465.40
"MCU",2015,"Conifer Upland",145,"141-150",168668.87
"MCU",2015,"Conifer Upland",155,"151-160",128419.80
"MCU",2015,"Conifer Upland",165,"161-170",87639.40
"MCU",2015,"Conifer Upland",175,"171-180",28825.61
"MCU",2015,"Conifer Upland",185,"181+",32097.38
"MCU",2020,"Conifer Upland",5,"0-10",574491.19
"MCU",2020,"Conifer Upland",15,"11-20",791964.58
"MCU",2020,"Conifer Upland",25,"21-30",671526.51
"MCU",2020,"Conifer Upland",35,"31-40",455035.35
"MCU",2020,"Conifer Upland",45,"41-50",350312.74
"MCU",2020,"Conifer Upland",55,"51-60",398062.05
"MCU",2020,"Conifer Upland",65,"61-70",365132.26
"MCU",2020,"Conifer Upland",75,"71-80",625365.82
"MCU",2020,"Conifer Upland",85,"81-90",812688.94
"MCU",2020,"Conifer Upland",95,"91-100",930619.78
"MCU",2020,"Conifer Upland",105,"101-110",616446.68
"MCU",2020,"Conifer Upland",115,"111-120",444100.40
"MCU",2020,"Conifer Upland",125,"121-130",315410.10
"MCU",2020,"Conifer Upland",135,"131-140",265934.30
"MCU",2020,"Conifer Upland",145,"141-150",138584.06
"MCU",2020,"Conifer Upland",155,"151-160",105333.05
"MCU",2020,"Conifer Upland",165,"161-170",54570.72
"MCU",2020,"Conifer Upland",175,"171-180",14676.18
"MCU",2020,"Conifer Upland",185,"181+",10421.75
"MIX",2000,"Mixedwood",5,"0-10",146707.87
"MIX",2000,"Mixedwood",15,"11-20",276002.53
"MIX",2000,"Mixedwood",25,"21-30",284141.82
"MIX",2000,"Mixedwood",35,"31-40",292472.92
"MIX",2000,"Mixedwood",45,"41-50",511798.33
"MIX",2000,"Mixedwood",55,"51-60",745729.53
"MIX",2000,"Mixedwood",65,"61-70",844634.82
"MIX",2000,"Mixedwood",75,"71-80",824548.85
"MIX",2000,"Mixedwood",85,"81-90",609025.96
"MIX",2000,"Mixedwood",95,"91-100",450796.67
"MIX",2000,"Mixedwood",105,"101-110",278129.28
"MIX",2000,"Mixedwood",115,"111-120",178726.37
"MIX",2000,"Mixedwood",125,"121-130",128994.74
"MIX",2000,"Mixedwood",135,"131-140",78847.18
"MIX",2000,"Mixedwood",145,"141-150",107330.55
"MIX",2000,"Mixedwood",155,"151-160",18193.78
"MIX",2000,"Mixedwood",165,"161-170",7848.14
"MIX",2000,"Mixedwood",175,"171-180",4942.49
"MIX",2000,"Mixedwood",185,"181+",3274.15
"MIX",2005,"Mixedwood",5,"0-10",292722.95
"MIX",2005,"Mixedwood",15,"11-20",287075.13
"MIX",2005,"Mixedwood",25,"21-30",364380.37
"MIX",2005,"Mixedwood",35,"31-40",251359.04
"MIX",2005,"Mixedwood",45,"41-50",287423.33
"MIX",2005,"Mixedwood",55,"51-60",434121.99
"MIX",2005,"Mixedwood",65,"61-70",553182.87
"MIX",2005,"Mixedwood",75,"71-80",669085.63
"MIX",2005,"Mixedwood",85,"81-90",554479.01
"MIX",2005,"Mixedwood",95,"91-100",385776.47
"MIX",2005,"Mixedwood",105,"101-110",254935.79
"MIX",2005,"Mixedwood",115,"111-120",158601.11
"MIX",2005,"Mixedwood",125,"121-130",81719.82
"MIX",2005,"Mixedwood",135,"131-140",58036.28
"MIX",2005,"Mixedwood",145,"141-150",31241.48
"MIX",2005,"Mixedwood",155,"151-160",33968.10
"MIX",2005,"Mixedwood",165,"161-170",3945.17
"MIX",2005,"Mixedwood",175,"171-180",2006.41
"MIX",2005,"Mixedwood",185,"181+",3202.16
"MIX",2010,"Mixedwood",5,"0-10",342699.68
"MIX",2010,"Mixedwood",15,"11-20",351401.18
"MIX",2010,"Mixedwood",25,"21-30",373288.91
"MIX",2010,"Mixedwood",35,"31-40",342396.09
"MIX",2010,"Mixedwood",45,"41-50",251028.76
"MIX",2010,"Mixedwood",55,"51-60",385536.00
"MIX",2010,"Mixedwood",65,"61-70",536527.71
"MIX",2010,"Mixedwood",75,"71-80",618970.19
"MIX",2010,"Mixedwood",85,"81-90",625139.76
"MIX",2010,"Mixedwood",95,"91-100",473110.44
"MIX",2010,"Mixedwood",105,"101-110",322477.25
"MIX",2010,"Mixedwood",115,"111-120",173959.67
"MIX",2010,"Mixedwood",125,"121-130",109980.49
"MIX",2010,"Mixedwood",135,"131-140",65189.36
"MIX",2010,"Mixedwood",145,"141-150",39785.26
"MIX",2010,"Mixedwood",155,"151-160",37194.73
"MIX",2010,"Mixedwood",165,"161-170",6329.50
"MIX",2010,"Mixedwood",175,"171-180",2585.07
"MIX",2010,"Mixedwood",185,"181+",4236.07
"MIX",2015,"Mixedwood",5,"0-10",264820.67
"MIX",2015,"Mixedwood",15,"11-20",353138.02
"MIX",2015,"Mixedwood",25,"21-30",353475.41
"MIX",2015,"Mixedwood",35,"31-40",372402.00
"MIX",2015,"Mixedwood",45,"41-50",280045.16
"MIX",2015,"Mixedwood",55,"51-60",323330.76
"MIX",2015,"Mixedwood",65,"61-70",469627.03
"MIX",2015,"Mixedwood",75,"71-80",539487.59
"MIX",2015,"Mixedwood",85,"81-90",655351.56
"MIX",2015,"Mixedwood",95,"91-100",546503.78
"MIX",2015,"Mixedwood",105,"101-110",385587.39
"MIX",2015,"Mixedwood",115,"111-120",254435.24
"MIX",2015,"Mixedwood",125,"121-130",159931.49
"MIX",2015,"Mixedwood",135,"131-140",77663.24
"MIX",2015,"Mixedwood",145,"141-150",55831.40
"MIX",2015,"Mixedwood",155,"151-160",29902.40
"MIX",2015,"Mixedwood",165,"161-170",30409.11
"MIX",2015,"Mixedwood",175,"171-180",3566.06
"MIX",2015,"Mixedwood",185,"181+",5560.73
"MIX",2020,"Mixedwood",5,"0-10",229003.67
"MIX",2020,"Mixedwood",15,"11-20",282476.49
"MIX",2020,"Mixedwood",25,"21-30",481339.34
"MIX",2020,"Mixedwood",35,"31-40",475251.44
"MIX",2020,"Mixedwood",45,"41-50",457075.17
"MIX",2020,"Mixedwood",55,"51-60",431107.53
"MIX",2020,"Mixedwood",65,"61-70",493015.86
"MIX",2020,"Mixedwood",75,"71-80",764718.36
"MIX",2020,"Mixedwood",85,"81-90",770423.33
"MIX",2020,"Mixedwood",95,"91-100",726782.26
"MIX",2020,"Mixedwood",105,"101-110",358097.90
"MIX",2020,"Mixedwood",115,"111-120",189595.49
"MIX",2020,"Mixedwood",125,"121-130",140740.60
"MIX",2020,"Mixedwood",135,"131-140",78379.18
"MIX",2020,"Mixedwood",145,"141-150",28478.90
"MIX",2020,"Mixedwood",155,"151-160",19742.67
"MIX",2020,"Mixedwood",165,"161-170",5936.73
"MIX",2020,"Mixedwood",175,"171-180",1569.64
"MIX",2020,"Mixedwood",185,"181+",1603.71
"PJK",2000,"Jack Pine",5,"0-10",426031.43
"PJK",2000,"Jack Pine",15,"11-20",416420.88
"PJK",2000,"Jack Pine",25,"21-30",66598.24
"PJK",2000,"Jack Pine",35,"31-40",97065.01
"PJK",2000,"Jack Pine",45,"41-50",116625.46
"PJK",2000,"Jack Pine",55,"51-60",189045.38
"PJK",2000,"Jack Pine",65,"61-70",285421.68
"PJK",2000,"Jack Pine",75,"71-80",288364.36
"PJK",2000,"Jack Pine",85,"81-90",160608.55
"PJK",2000,"Jack Pine",95,"91-100",87049.27
"PJK",2000,"Jack Pine",105,"101-110",39070.67
"PJK",2000,"Jack Pine",115,"111-120",18894.69
"PJK",2000,"Jack Pine",125,"121-130",12176.87
"PJK",2000,"Jack Pine",135,"131-140",5362.35
"PJK",2000,"Jack Pine",145,"141-150",4814.01
"PJK",2000,"Jack Pine",155,"151-160",2164.81
"PJK",2000,"Jack Pine",165,"161-170",665.99
"PJK",2000,"Jack Pine",175,"171-180",95.38
"PJK",2000,"Jack Pine",185,"181+",499.66
"PJK",2005,"Jack Pine",5,"0-10",484412.86
"PJK",2005,"Jack Pine",15,"11-20",397019.60
"PJK",2005,"Jack Pine",25,"21-30",317401.82
"PJK",2005,"Jack Pine",35,"31-40",90923.16
"PJK",2005,"Jack Pine",45,"41-50",95327.58
"PJK",2005,"Jack Pine",55,"51-60",118186.61
"PJK",2005,"Jack Pine",65,"61-70",145179.05
"PJK",2005,"Jack Pine",75,"71-80",215667.16
"PJK",2005,"Jack Pine",85,"81-90",181175.41
"PJK",2005,"Jack Pine",95,"91-100",91256.40
"PJK",2005,"Jack Pine",105,"101-110",49518.23
"PJK",2005,"Jack Pine",115,"111-120",19435.25
"PJK",2005,"Jack Pine",125,"121-130",20649.57
"PJK",2005,"Jack Pine",135,"131-140",10928.72
"PJK",2005,"Jack Pine",145,"141-150",4823.52
"PJK",2005,"Jack Pine",155,"151-160",2058.66
"PJK",2005,"Jack Pine",165,"161-170",326.16
"PJK",2005,"Jack Pine",175,"171-180",235.94
"PJK",2005,"Jack Pine",185,"181+",139.66
"PJK",2010,"Jack Pine",5,"0-10",341551.32
"PJK",2010,"Jack Pine",15,"11-20",397544.28
"PJK",2010,"Jack Pine",25,"21-30",396418.48
"PJK",2010,"Jack Pine",35,"31-40",185798.96
"PJK",2010,"Jack Pine",45,"41-50",125945.71
"PJK",2010,"Jack Pine",55,"51-60",61745.45
"PJK",2010,"Jack Pine",65,"61-70",126024.17
"PJK",2010,"Jack Pine",75,"71-80",164305.73
"PJK",2010,"Jack Pine",85,"81-90",193530.23
"PJK",2010,"Jack Pine",95,"91-100",105289.41
"PJK",2010,"Jack Pine",105,"101-110",54561.72
"PJK",2010,"Jack Pine",115,"111-120",18483.08
"PJK",2010,"Jack Pine",125,"121-130",18651.06
"PJK",2010,"Jack Pine",135,"131-140",10322.12
"PJK",2010,"Jack Pine",145,"141-150",4567.79
"PJK",2010,"Jack Pine",155,"151-160",1974.89
"PJK",2010,"Jack Pine",165,"161-170",349.50
"PJK",2010,"Jack Pine",175,"171-180",104.18
"PJK",2010,"Jack Pine",185,"181+",1595.38
"PJK",2015,"Jack Pine",5,"0-10",222224.45
"PJK",2015,"Jack Pine",15,"11-20",422284.65
"PJK",2015,"Jack Pine",25,"21-30",412267.74
"PJK",2015,"Jack Pine",35,"31-40",325424.46
"PJK",2015,"Jack Pine",45,"41-50",124893.05
"PJK",2015,"Jack Pine",55,"51-60",138257.79
"PJK",2015,"Jack Pine",65,"61-70",112495.74
"PJK",2015,"Jack Pine",75,"71-80",185574.46
"PJK",2015,"Jack Pine",85,"81-90",192485.76
"PJK",2015,"Jack Pine",95,"91-100",150023.66
"PJK",2015,"Jack Pine",105,"101-110",75658.51
"PJK",2015,"Jack Pine",115,"111-120",34867.26
"PJK",2015,"Jack Pine",125,"121-130",23441.48
"PJK",2015,"Jack Pine",135,"131-140",15041.38
"PJK",2015,"Jack Pine",145,"141-150",7953.01
"PJK",2015,"Jack Pine",155,"151-160",2967.87
"PJK",2015,"Jack Pine",165,"161-170",883.85
"PJK",2015,"Jack Pine",175,"171-180",99.33
"PJK",2015,"Jack Pine",185,"181+",170.42
"PJK",2020,"Jack Pine",5,"0-10",194355.45
"PJK",2020,"Jack Pine",15,"11-20",353230.18
"PJK",2020,"Jack Pine",25,"21-30",382999.99
"PJK",2020,"Jack Pine",35,"31-40",364231.95
"PJK",2020,"Jack Pine",45,"41-50",204269.94
"PJK",2020,"Jack Pine",55,"51-60",120119.49
"PJK",2020,"Jack Pine",65,"61-70",73054.03
"PJK",2020,"Jack Pine",75,"71-80",131370.48
"PJK",2020,"Jack Pine",85,"81-90",188377.16
"PJK",2020,"Jack Pine",95,"91-100",151405.19
"PJK",2020,"Jack Pine",105,"101-110",63705.40
"PJK",2020,"Jack Pine",115,"111-120",34297.77
"PJK",2020,"Jack Pine",125,"121-130",22375.22
"PJK",2020,"Jack Pine",135,"131-140",10508.82
"PJK",2020,"Jack Pine",145,"141-150",2904.25
"PJK",2020,"Jack Pine",155,"151-160",828.48
"PJK",2020,"Jack Pine",165,"161-170",413.20
"PJK",2020,"Jack Pine",175,"171-180",20.95
"PJK",2020,"Jack Pine",185,"181+",49.26
"POP",2000,"Poplar",5,"0-10",187582.16
"POP",2000,"Poplar",15,"11-20",155713.34
"POP",2000,"Poplar",25,"21-30",56268.92
"POP",2000,"Poplar",35,"31-40",55625.52
"POP",2000,"Poplar",45,"41-50",92256.47
"POP",2000,"Poplar",55,"51-60",161193.67
"POP",2000,"Poplar",65,"61-70",278713.76
"POP",2000,"Poplar",75,"71-80",321318.19
"POP",2000,"Poplar",85,"81-90",218326.61
"POP",2000,"Poplar",95,"91-100",169857.00
"POP",2000,"Poplar",105,"101-110",136889.80
"POP",2000,"Poplar",115,"111-120",45961.09
"POP",2000,"Poplar",125,"121-130",23312.27
"POP",2000,"Poplar",135,"131-140",13751.70
"POP",2000,"Poplar",145,"141-150",8851.41
"POP",2000,"Poplar",155,"151-160",598.88
"POP",2000,"Poplar",165,"161-170",223.19
"POP",2000,"Poplar",175,"171-180",37.81
"POP",2000,"Poplar",185,"181+",627.04
"POP",2005,"Poplar",5,"0-10",368709.50
"POP",2005,"Poplar",15,"11-20",229450.98
"POP",2005,"Poplar",25,"21-30",129438.31
"POP",2005,"Poplar",35,"31-40",95734.47
"POP",2005,"Poplar",45,"41-50",110793.20
"POP",2005,"Poplar",55,"51-60",177934.57
"POP",2005,"Poplar",65,"61-70",280220.87
"POP",2005,"Poplar",75,"71-80",389315.99
"POP",2005,"Poplar",85,"81-90",313774.95
"POP",2005,"Poplar",95,"91-100",218160.21
"POP",2005,"Poplar",105,"101-110",156798.35
"POP",2005,"Poplar",115,"111-120",71325.46
"POP",2005,"Poplar",125,"121-130",29012.67
"POP",2005,"Poplar",135,"131-140",19222.59
"POP",2005,"Poplar",145,"141-150",5130.12
"POP",2005,"Poplar",155,"151-160",2358.65
"POP",2005,"Poplar",165,"161-170",222.02
"POP",2005,"Poplar",175,"171-180",111.34
"POP",2005,"Poplar",185,"181+",51.97
"POP",2010,"Poplar",5,"0-10",302793.85
"POP",2010,"Poplar",15,"11-20",286307.22
"POP",2010,"Poplar",25,"21-30",173515.99
"POP",2010,"Poplar",35,"31-40",122207.62
"POP",2010,"Poplar",45,"41-50",103954.89
"POP",2010,"Poplar",55,"51-60",160849.54
"POP",2010,"Poplar",65,"61-70",247880.77
"POP",2010,"Poplar",75,"71-80",335044.98
"POP",2010,"Poplar",85,"81-90",361815.00
"POP",2010,"Poplar",95,"91-100",240409.20
"POP",2010,"Poplar",105,"101-110",149997.15
"POP",2010,"Poplar",115,"111-120",99920.33
"POP",2010,"Poplar",125,"121-130",28962.47
"POP",2010,"Poplar",135,"131-140",15183.86
"POP",2010,"Poplar",145,"141-150",9337.78
"POP",2010,"Poplar",155,"151-160",1954.78
"POP",2010,"Poplar",165,"161-170",279.39
"POP",2010,"Poplar",175,"171-180",126.21
"POP",2010,"Poplar",185,"181+",1013.90
"POP",2015,"Poplar",5,"0-10",234625.00
"POP",2015,"Poplar",15,"11-20",339589.08
"POP",2015,"Poplar",25,"21-30",193038.46
"POP",2015,"Poplar",35,"31-40",141527.26
"POP",2015,"Poplar",45,"41-50",106278.77
"POP",2015,"Poplar",55,"51-60",124977.14
"POP",2015,"Poplar",65,"61-70",200729.88
"POP",2015,"Poplar",75,"71-80",279273.25
"POP",2015,"Poplar",85,"81-90",370862.16
"POP",2015,"Poplar",95,"91-100",282613.06
"POP",2015,"Poplar",105,"101-110",185427.11
"POP",2015,"Poplar",115,"111-120",127619.09
"POP",2015,"Poplar",125,"121-130",56710.14
"POP",2015,"Poplar",135,"131-140",21439.44
"POP",2015,"Poplar",145,"141-150",13857.63
"POP",2015,"Poplar",155,"151-160",3039.82
"POP",2015,"Poplar",165,"161-170",1623.83
"POP",2015,"Poplar",175,"171-180",228.03
"POP",2015,"Poplar",185,"181+",167.73
"POP",2020,"Poplar",5,"0-10",143536.81
"POP",2020,"Poplar",15,"11-20",260198.82
"POP",2020,"Poplar",25,"21-30",226334.04
"POP",2020,"Poplar",35,"31-40",156829.54
"POP",2020,"Poplar",45,"41-50",142658.71
"POP",2020,"Poplar",55,"51-60",108334.82
"POP",2020,"Poplar",65,"61-70",137413.90
"POP",2020,"Poplar",75,"71-80",203961.95
"POP",2020,"Poplar",85,"81-90",216706.94
"POP",2020,"Poplar",95,"91-100",215664.68
"POP",2020,"Poplar",105,"101-110",93345.73
"POP",2020,"Poplar",115,"111-120",45491.85
"POP",2020,"Poplar",125,"121-130",35248.69
"POP",2020,"Poplar",135,"131-140",16577.76
"POP",2020,"Poplar",145,"141-150",5692.45
"POP",2020,"Poplar",155,"151-160",5047.58
"POP",2020,"Poplar",165,"161-170",2037.25
"POP",2020,"Poplar",175,"171-180",245.15
"POP",2020,"Poplar",185,"181+",167.63
"PWR",2000,"Red and White Pine",5,"0-10",40064.19
"PWR",2000,"Red and White Pine",15,"11-20",30646.24
"PWR",2000,"Red and White Pine",25,"21-30",20025.86
"PWR",2000,"Red and White Pine",35,"31-40",19050.77
"PWR",2000,"Red and White Pine",45,"41-50",30271.24
"PWR",2000,"Red and White Pine",55,"51-60",42765.45
"PWR",2000,"Red and White Pine",65,"61-70",58649.71
"PWR",2000,"Red and White Pine",75,"71-80",97355.69
"PWR",2000,"Red and White Pine",85,"81-90",114493.84
"PWR",2000,"Red and White Pine",95,"91-100",125991.23
"PWR",2000,"Red and White Pine",105,"101-110",105505.55
"PWR",2000,"Red and White Pine",115,"111-120",65962.62
"PWR",2000,"Red and White Pine",125,"121-130",32479.38
"PWR",2000,"Red and White Pine",135,"131-140",20103.58
"PWR",2000,"Red and White Pine",145,"141-150",9904.96
"PWR",2000,"Red and White Pine",155,"151-160",9769.48
"PWR",2000,"Red and White Pine",165,"161-170",4450.13
"PWR",2000,"Red and White Pine",175,"171-180",4510.78
"PWR",2000,"Red and White Pine",185,"181+",5290.80
"PWR",2005,"Red and White Pine",5,"0-10",44477.59
"PWR",2005,"Red and White Pine",15,"11-20",32959.10
"PWR",2005,"Red and White Pine",25,"21-30",20449.38
"PWR",2005,"Red and White Pine",35,"31-40",18670.62
"PWR",2005,"Red and White Pine",45,"41-50",21229.71
"PWR",2005,"Red and White Pine",55,"51-60",23317.53
"PWR",2005,"Red and White Pine",65,"61-70",29677.02
"PWR",2005,"Red and White Pine",75,"71-80",52736.25
"PWR",2005,"Red and White Pine",85,"81-90",72234.32
"PWR",2005,"Red and White Pine",95,"91-100",95803.65
"PWR",2005,"Red and White Pine",105,"101-110",121004.89
"PWR",2005,"Red and White Pine",115,"111-120",96679.05
"PWR",2005,"Red and White Pine",125,"121-130",58125.17
"PWR",2005,"Red and White Pine",135,"131-140",32649.30
"PWR",2005,"Red and White Pine",145,"141-150",15531.47
"PWR",2005,"Red and White Pine",155,"151-160",11727.21
"PWR",2005,"Red and White Pine",165,"161-170",4802.31
"PWR",2005,"Red and White Pine",175,"171-180",5157.66
"PWR",2005,"Red and White Pine",185,"181+",5753.96
"PWR",2010,"Red and White Pine",5,"0-10",40712.04
"PWR",2010,"Red and White Pine",15,"11-20",38272.24
"PWR",2010,"Red and White Pine",25,"21-30",28332.91
"PWR",2010,"Red and White Pine",35,"31-40",19732.90
"PWR",2010,"Red and White Pine",45,"41-50",12729.15
"PWR",2010,"Red and White Pine",55,"51-60",22217.33
"PWR",2010,"Red and White Pine",65,"61-70",24078.23
"PWR",2010,"Red and White Pine",75,"71-80",34802.44
"PWR",2010,"Red and White Pine",85,"81-90",58857.74
"PWR",2010,"Red and White Pine",95,"91-100",85162.17
"PWR",2010,"Red and White Pine",105,"101-110",119332.52
"PWR",2010,"Red and White Pine",115,"111-120",103119.43
"PWR",2010,"Red and White Pine",125,"121-130",62621.21
"PWR",2010,"Red and White Pine",135,"131-140",32991.58
"PWR",2010,"Red and White Pine",145,"141-150",17420.92
"PWR",2010,"Red and White Pine",155,"151-160",11315.29
"PWR",2010,"Red and White Pine",165,"161-170",7970.86
"PWR",2010,"Red and White Pine",175,"171-180",5885.57
"PWR",2010,"Red and White Pine",185,"181+",10044.73
"PWR",2015,"Red and White Pine",5,"0-10",29938.49
"PWR",2015,"Red and White Pine",15,"11-20",39363.87
"PWR",2015,"Red and White Pine",25,"21-30",33087.95
"PWR",2015,"Red and White Pine",35,"31-40",20782.77
"PWR",2015,"Red and White Pine",45,"41-50",16033.22
"PWR",2015,"Red and White Pine",55,"51-60",17797.54
"PWR",2015,"Red and White Pine",65,"61-70",18924.11
"PWR",2015,"Red and White Pine",75,"71-80",27174.18
"PWR",2015,"Red and White Pine",85,"81-90",44261.90
"PWR",2015,"Red and White Pine",95,"91-100",67551.28
"PWR",2015,"Red and White Pine",105,"101-110",107782.56
"PWR",2015,"Red and White Pine",115,"111-120",114118.42
"PWR",2015,"Red and White Pine",125,"121-130",84816.61
"PWR",2015,"Red and White Pine",135,"131-140",41216.45
"PWR",2015,"Red and White Pine",145,"141-150",24129.92
"PWR",2015,"Red and White Pine",155,"151-160",14195.82
"PWR",2015,"Red and White Pine",165,"161-170",11532.91
"PWR",2015,"Red and White Pine",175,"171-180",5217.28
"PWR",2015,"Red and White Pine",185,"181+",12793.57
"PWR",2020,"Red and White Pine",5,"0-10",34199.34
"PWR",2020,"Red and White Pine",15,"11-20",39904.50
"PWR",2020,"Red and White Pine",25,"21-30",30507.82
"PWR",2020,"Red and White Pine",35,"31-40",17446.62
"PWR",2020,"Red and White Pine",45,"41-50",17376.18
"PWR",2020,"Red and White Pine",55,"51-60",23726.10
"PWR",2020,"Red and White Pine",65,"61-70",39813.09
"PWR",2020,"Red and White Pine",75,"71-80",72084.68
"PWR",2020,"Red and White Pine",85,"81-90",83063.37
"PWR",2020,"Red and White Pine",95,"91-100",118646.97
"PWR",2020,"Red and White Pine",105,"101-110",113826.47
"PWR",2020,"Red and White Pine",115,"111-120",115335.24
"PWR",2020,"Red and White Pine",125,"121-130",106383.41
"PWR",2020,"Red and White Pine",135,"131-140",84924.53
"PWR",2020,"Red and White Pine",145,"141-150",27679.04
"PWR",2020,"Red and White Pine",155,"151-160",12833.04
"PWR",2020,"Red and White Pine",165,"161-170",7144.05
"PWR",2020,"Red and White Pine",175,"171-180",1823.51
"PWR",2020,"Red and White Pine",185,"181+",7136.16
"TOL",2000,"Tolerant Hardwoods",5,"0-10",12390.48
"TOL",2000,"Tolerant Hardwoods",15,"11-20",4974.67
"TOL",2000,"Tolerant Hardwoods",25,"21-30",13809.96
"TOL",2000,"Tolerant Hardwoods",35,"31-40",6877.84
"TOL",2000,"Tolerant Hardwoods",45,"41-50",15759.82
"TOL",2000,"Tolerant Hardwoods",55,"51-60",36128.87
"TOL",2000,"Tolerant Hardwoods",65,"61-70",72882.46
"TOL",2000,"Tolerant Hardwoods",75,"71-80",128772.50
"TOL",2000,"Tolerant Hardwoods",85,"81-90",154309.31
"TOL",2000,"Tolerant Hardwoods",95,"91-100",135228.45
"TOL",2000,"Tolerant Hardwoods",105,"101-110",139446.40
"TOL",2000,"Tolerant Hardwoods",115,"111-120",58965.60
"TOL",2000,"Tolerant Hardwoods",125,"121-130",102566.80
"TOL",2000,"Tolerant Hardwoods",135,"131-140",63451.39
"TOL",2000,"Tolerant Hardwoods",145,"141-150",62313.89
"TOL",2000,"Tolerant Hardwoods",155,"151-160",68876.42
"TOL",2000,"Tolerant Hardwoods",165,"161-170",28741.43
"TOL",2000,"Tolerant Hardwoods",175,"171-180",12103.27
"TOL",2000,"Tolerant Hardwoods",185,"181+",17579.10
"TOL",2005,"Tolerant Hardwoods",5,"0-10",19938.92
"TOL",2005,"Tolerant Hardwoods",15,"11-20",11474.11
"TOL",2005,"Tolerant Hardwoods",25,"21-30",9407.86
"TOL",2005,"Tolerant Hardwoods",35,"31-40",15950.75
"TOL",2005,"Tolerant Hardwoods",45,"41-50",16487.91
"TOL",2005,"Tolerant Hardwoods",55,"51-60",44113.73
"TOL",2005,"Tolerant Hardwoods",65,"61-70",87969.70
"TOL",2005,"Tolerant Hardwoods",75,"71-80",148824.85
"TOL",2005,"Tolerant Hardwoods",85,"81-90",220158.40
"TOL",2005,"Tolerant Hardwoods",95,"91-100",177150.85
"TOL",2005,"Tolerant Hardwoods",105,"101-110",137986.23
"TOL",2005,"Tolerant Hardwoods",115,"111-120",95079.87
"TOL",2005,"Tolerant Hardwoods",125,"121-130",113777.52
"TOL",2005,"Tolerant Hardwoods",135,"131-140",59528.14
"TOL",2005,"Tolerant Hardwoods",145,"141-150",58453.41
"TOL",2005,"Tolerant Hardwoods",155,"151-160",49444.77
"TOL",2005,"Tolerant Hardwoods",165,"161-170",57204.53
"TOL",2005,"Tolerant Hardwoods",175,"171-180",26642.65
"TOL",2005,"Tolerant Hardwoods",185,"181+",20366.94
"TOL",2010,"Tolerant Hardwoods",5,"0-10",9902.40
"TOL",2010,"Tolerant Hardwoods",15,"11-20",8689.92
"TOL",2010,"Tolerant Hardwoods",25,"21-30",5473.33
"TOL",2010,"Tolerant Hardwoods",35,"31-40",13515.41
"TOL",2010,"Tolerant Hardwoods",45,"41-50",9879.03
"TOL",2010,"Tolerant Hardwoods",55,"51-60",22940.79
"TOL",2010,"Tolerant Hardwoods",65,"61-70",53029.01
"TOL",2010,"Tolerant Hardwoods",75,"71-80",103577.38
"TOL",2010,"Tolerant Hardwoods",85,"81-90",175157.77
"TOL",2010,"Tolerant Hardwoods",95,"91-100",174815.89
"TOL",2010,"Tolerant Hardwoods",105,"101-110",145307.37
"TOL",2010,"Tolerant Hardwoods",115,"111-120",94323.80
"TOL",2010,"Tolerant Hardwoods",125,"121-130",89772.74
"TOL",2010,"Tolerant Hardwoods",135,"131-140",85269.53
"TOL",2010,"Tolerant Hardwoods",145,"141-150",63109.11
"TOL",2010,"Tolerant Hardwoods",155,"151-160",50131.63
"TOL",2010,"Tolerant Hardwoods",165,"161-170",53108.27
"TOL",2010,"Tolerant Hardwoods",175,"171-180",37033.80
"TOL",2010,"Tolerant Hardwoods",185,"181+",20262.10
"TOL",2015,"Tolerant Hardwoods",5,"0-10",16793.85
"TOL",2015,"Tolerant Hardwoods",15,"11-20",9018.10
"TOL",2015,"Tolerant Hardwoods",25,"21-30",6678.81
"TOL",2015,"Tolerant Hardwoods",35,"31-40",10869.30
"TOL",2015,"Tolerant Hardwoods",45,"41-50",9008.47
"TOL",2015,"Tolerant Hardwoods",55,"51-60",13642.42
"TOL",2015,"Tolerant Hardwoods",65,"61-70",32073.74
"TOL",2015,"Tolerant Hardwoods",75,"71-80",71287.65
"TOL",2015,"Tolerant Hardwoods",85,"81-90",137906.22
"TOL",2015,"Tolerant Hardwoods",95,"91-100",192706.04
"TOL",2015,"Tolerant Hardwoods",105,"101-110",162644.29
"TOL",2015,"Tolerant Hardwoods",115,"111-120",114926.35
"TOL",2015,"Tolerant Hardwoods",125,"121-130",75479.72
"TOL",2015,"Tolerant Hardwoods",135,"131-140",105884.07
"TOL",2015,"Tolerant Hardwoods",145,"141-150",59203.90
"TOL",2015,"Tolerant Hardwoods",155,"151-160",54734.54
"TOL",2015,"Tolerant Hardwoods",165,"161-170",42520.99
"TOL",2015,"Tolerant Hardwoods",175,"171-180",48990.04
"TOL",2015,"Tolerant Hardwoods",185,"181+",30799.51
"TOL",2020,"Tolerant Hardwoods",5,"0-10",12269.56
"TOL",2020,"Tolerant Hardwoods",15,"11-20",38566.73
"TOL",2020,"Tolerant Hardwoods",25,"21-30",11615.79
"TOL",2020,"Tolerant Hardwoods",35,"31-40",9662.69
"TOL",2020,"Tolerant Hardwoods",45,"41-50",16941.58
"TOL",2020,"Tolerant Hardwoods",55,"51-60",22488.43
"TOL",2020,"Tolerant Hardwoods",65,"61-70",41506.73
"TOL",2020,"Tolerant Hardwoods",75,"71-80",79189.54
"TOL",2020,"Tolerant Hardwoods",85,"81-90",173815.13
"TOL",2020,"Tolerant Hardwoods",95,"91-100",247205.00
"TOL",2020,"Tolerant Hardwoods",105,"101-110",218997.29
"TOL",2020,"Tolerant Hardwoods",115,"111-120",174137.21
"TOL",2020,"Tolerant Hardwoods",125,"121-130",90035.63
"TOL",2020,"Tolerant Hardwoods",135,"131-140",41561.98
"TOL",2020,"Tolerant Hardwoods",145,"141-150",17037.92
"TOL",2020,"Tolerant Hardwoods",155,"151-160",10095.28
"TOL",2020,"Tolerant Hardwoods",165,"161-170",4577.67
"TOL",2020,"Tolerant Hardwoods",175,"171-180",2115.58
"TOL",2020,"Tolerant Hardwoods",185,"181+",2471.06
